line_number,module,status,in_try_block,line
41,src.assembled_core.pipeline.trading_cycle_shared,OK,False,from src.assembled_core.pipeline.trading_cycle_shared import (
59,src.assembled_core.config.policy_loader,OK,False,from src.assembled_core.config.policy_loader import load_policy
60,src.assembled_core.config,OK,False,from src.assembled_core.config import get_base_dir
61,src.assembled_core.config.settings,OK,False,from src.assembled_core.config.settings import get_settings
62,src.assembled_core.risk.correlation_guard,OK,False,from src.assembled_core.risk.correlation_guard import (
66,src.assembled_core.risk.georisk_overlay,OK,False,from src.assembled_core.risk.georisk_overlay import (
70,src.assembled_core.risk.zombie_killer,OK,False,from src.assembled_core.risk.zombie_killer import get_zombie_positions
71,src.assembled_core.risk.state_machine,OK,False,from src.assembled_core.risk.state_machine import (
76,src.assembled_core.risk.market_stress,OK,False,from src.assembled_core.risk.market_stress import compute_market_stress
77,src.assembled_core.risk.profit_lock,OK,False,from src.assembled_core.risk.profit_lock import compute_profit_lock_multiplier
78,src.assembled_core.risk.vol_targeting,OK,False,from src.assembled_core.risk.vol_targeting import compute_vol_targeting_result
79,src.assembled_core.risk.turnover_budget,OK,False,from src.assembled_core.risk.turnover_budget import (
151,src.assembled_core.pipeline,OK,False,from src.assembled_core.pipeline import trading_cycle_v2 as _v2
256,src.assembled_core.intel.disclosures_triggers_loader,OK,True,from src.assembled_core.intel.disclosures_triggers_loader import (
328,src.assembled_core.intel.news_triggers_loader,ARCHIVED(archive\observability_graveyard_2026q2\intel\news_triggers_loader.py),False,from src.assembled_core.intel.news_triggers_loader import (
356,src.assembled_core.features.market_breadth,OK,True,from src.assembled_core.features.market_breadth import (
391,src.assembled_core.execution.kill_switch,OK,True,from src.assembled_core.execution.kill_switch import (
409,src.assembled_core.risk.disclosures_confirm,MISSING,True,from src.assembled_core.risk.disclosures_confirm import (
455,src.assembled_core.data.data_versioning,MISSING,True,from src.assembled_core.data.data_versioning import (
482,src.assembled_core.data.quality_checks,ARCHIVED(archive\observability_graveyard_2026q2\data\quality_checks.py),True,from src.assembled_core.data.quality_checks import check_panel_quality
503,src.assembled_core.qa.data_qc,OK,True,from src.assembled_core.qa.data_qc import run_price_panel_qc
523,src.assembled_core.features.macro_features,OK,True,from src.assembled_core.features.macro_features import compute_diffusion_index
568,src.assembled_core.pipeline.precomputed_index,ARCHIVED(archive\observability_graveyard_2026q2\pipeline\precomputed_index.py),True,from src.assembled_core.pipeline.precomputed_index import (
682,src.assembled_core.qa.point_in_time_checks,OK,True,from src.assembled_core.qa.point_in_time_checks import check_features_pit_safe
701,src.assembled_core.features.ta_factors_core,OK,True,from src.assembled_core.features.ta_factors_core import build_core_ta_factors
713,src.assembled_core.features.cross_sectional,ARCHIVED(archive\observability_graveyard_2026q2\features\cross_sectional.py),True,from src.assembled_core.features.cross_sectional import rank_cross_sectional
740,src.assembled_core.risk.regime_models,OK,True,from src.assembled_core.risk.regime_models import build_regime_state_hmm
763,src.assembled_core.data.freshness_monitor,MISSING,True,from src.assembled_core.data.freshness_monitor import detect_stale_features
791,src.assembled_core.ml.model_monitoring,ARCHIVED(archive\observability_graveyard_2026q2\ml\model_monitoring.py),True,from src.assembled_core.ml.model_monitoring import detect_feature_drift
823,src.assembled_core.features.behavioral_features,ARCHIVED(archive\observability_graveyard_2026q2\features\behavioral_features.py),True,from src.assembled_core.features.behavioral_features import (
868,src.assembled_core.features.seasonal_features,ARCHIVED(archive\observability_graveyard_2026q2\features\seasonal_features.py),True,from src.assembled_core.features.seasonal_features import build_seasonal_features
886,src.assembled_core.features.correlation_features,OK,True,from src.assembled_core.features.correlation_features import compute_correlation_regime_features
907,src.assembled_core.features.mean_reversion_factors,OK,True,from src.assembled_core.features.mean_reversion_factors import compute_mean_reversion_factors
924,src.assembled_core.features.interaction_features,MISSING,True,from src.assembled_core.features.interaction_features import (
944,src.assembled_core.features.weekly_alignment,OK,True,from src.assembled_core.features.weekly_alignment import add_weekly_alignment
967,src.assembled_core.features.ta_liquidity_vol_factors,OK,True,from src.assembled_core.features.ta_liquidity_vol_factors import add_realized_volatility
985,src.assembled_core.features.fractional_diff,ARCHIVED(archive\observability_graveyard_2026q2\features\fractional_diff.py),True,from src.assembled_core.features.fractional_diff import apply_ffd_to_panel
1000,src.assembled_core.ml.feature_clustering,ARCHIVED(archive\observability_graveyard_2026q2\ml\feature_clustering.py),True,from src.assembled_core.ml.feature_clustering import cluster_features_by_correlation
1021,src.assembled_core.ml.feature_selection,ARCHIVED(archive\observability_graveyard_2026q2\ml\feature_selection.py),True,from src.assembled_core.ml.feature_selection import ic_prescreen
1046,src.assembled_core.ml.triple_barrier,ARCHIVED(archive\observability_graveyard_2026q2\ml\triple_barrier.py),True,from src.assembled_core.ml.triple_barrier import build_triple_barrier_labels
1066,src.assembled_core.ml.online_hmm_regime,ARCHIVED(archive\observability_graveyard_2026q2\ml\online_hmm_regime.py),True,from src.assembled_core.ml.online_hmm_regime import OnlineHMMRegimeDetector
1087,src.assembled_core.ml.evt_models,ARCHIVED(archive\observability_graveyard_2026q2\ml\evt_models.py),True,from src.assembled_core.ml.evt_models import compute_evt_risk_metrics
1106,src.assembled_core.ml.garch_models,ARCHIVED(archive\observability_graveyard_2026q2\ml\garch_models.py),True,from src.assembled_core.ml.garch_models import fit_garch
1126,src.assembled_core.ml.combined_regime,ARCHIVED(archive\observability_graveyard_2026q2\ml\combined_regime.py),True,from src.assembled_core.ml.combined_regime import CombinedRegimeClassifier
1127,src.assembled_core.ml.online_hmm_regime,ARCHIVED(archive\observability_graveyard_2026q2\ml\online_hmm_regime.py),True,from src.assembled_core.ml.online_hmm_regime import OnlineHMMRegimeDetector as _HMMDet
1150,src.assembled_core.features.volatility_features,ARCHIVED(archive\observability_graveyard_2026q2\features\volatility_features.py),True,from src.assembled_core.features.volatility_features import compute_garch_features_snapshot
1165,src.assembled_core.features.vpin,ARCHIVED(archive\observability_graveyard_2026q2\features\vpin.py),True,from src.assembled_core.features.vpin import compute_vpin
1184,src.assembled_core.features.fundamental_factors,ARCHIVED(archive\observability_graveyard_2026q2\features\fundamental_factors.py),True,from src.assembled_core.features.fundamental_factors import cross_sectional_zscore
1206,src.assembled_core.features.incremental_updates,OK,True,from src.assembled_core.features.incremental_updates import filter_prices_for_incremental
1278,src.assembled_core.ops.shadow_recorder,ARCHIVED(archive\observability_graveyard_2026q2\ops\shadow_recorder.py),True,from src.assembled_core.ops.shadow_recorder import (
1336,src.assembled_core.signals.intel_signal_adapter,OK,True,from src.assembled_core.signals.intel_signal_adapter import (
1397,src.assembled_core.signals.sector_rotation,OK,True,from src.assembled_core.signals.sector_rotation import (
1444,src.assembled_core.signals.earnings_integration,ARCHIVED(archive\observability_graveyard_2026q2\signals\earnings_integration.py),True,from src.assembled_core.signals.earnings_integration import apply_earnings_integration
1479,src.assembled_core.signals.news_signal_bridge,OK,True,from src.assembled_core.signals.news_signal_bridge import (
1506,src.assembled_core.signals.signal_confidence,OK,True,from src.assembled_core.signals.signal_confidence import (
1541,src.assembled_core.signals.crash_prediction,OK,True,from src.assembled_core.signals.crash_prediction import CrashPredictionEngine
1542,src.assembled_core.signals.short_signals,ARCHIVED(archive\observability_graveyard_2026q2\signals\short_signals.py),True,from src.assembled_core.signals.short_signals import ShortSignalGenerator
1543,src.assembled_core.risk.short_risk,ARCHIVED(archive\observability_graveyard_2026q2\risk\short_risk.py),True,from src.assembled_core.risk.short_risk import ShortRiskManager
1626,src.assembled_core.signals.mean_reversion,MISSING,True,from src.assembled_core.signals.mean_reversion import compute_mean_reversion_signals
1648,src.assembled_core.ml.factor_timing,ARCHIVED(archive\observability_graveyard_2026q2\ml\factor_timing.py),True,from src.assembled_core.ml.factor_timing import compute_factor_momentum
1671,src.assembled_core.signals.multifactor_signal,OK,True,from src.assembled_core.signals.multifactor_signal import build_multifactor_signal
1672,src.assembled_core.config.factor_bundles,OK,True,from src.assembled_core.config.factor_bundles import load_factor_bundle
1710,src.assembled_core.ml.signal_correlation,ARCHIVED(archive\observability_graveyard_2026q2\ml\signal_correlation.py),True,from src.assembled_core.ml.signal_correlation import SignalCorrelationAnalyzer
1730,src.assembled_core.paper.ranking_hysteresis,OK,True,from src.assembled_core.paper.ranking_hysteresis import apply_ranking_hysteresis
1759,src.assembled_core.signals.rules_trend,OK,True,from src.assembled_core.signals.rules_trend import generate_trend_signals
1788,src.assembled_core.ml.adversarial_validation,ARCHIVED(archive\observability_graveyard_2026q2\ml\adversarial_validation.py),True,from src.assembled_core.ml.adversarial_validation import run_adversarial_validation
1809,src.assembled_core.signals.meta_model,OK,True,from src.assembled_core.signals.meta_model import load_meta_model
1839,src.assembled_core.qa.multiple_testing,ARCHIVED(archive\observability_graveyard_2026q2\qa\multiple_testing.py),True,from src.assembled_core.qa.multiple_testing import benjamini_hochberg_fdr
1864,src.assembled_core.ml.conformal_prediction,ARCHIVED(archive\observability_graveyard_2026q2\ml\conformal_prediction.py),True,from src.assembled_core.ml.conformal_prediction import SplitConformal
1891,src.assembled_core.ml.purged_cv,ARCHIVED(archive\observability_graveyard_2026q2\ml\purged_cv.py),True,from src.assembled_core.ml.purged_cv import purged_walk_forward_split
1909,src.assembled_core.signals.behavioral_finance,ARCHIVED(archive\observability_graveyard_2026q2\signals\behavioral_finance.py),True,from src.assembled_core.signals.behavioral_finance import generate_behavioral_signals
1925,src.assembled_core.signals.risk_aware_combiner,ARCHIVED(archive\observability_graveyard_2026q2\signals\risk_aware_combiner.py),True,from src.assembled_core.signals.risk_aware_combiner import RiskAwareSignalCombiner
1943,src.assembled_core.signals.plugin_loader,MISSING,True,from src.assembled_core.signals.plugin_loader import discover_signal_plugins
1956,src.assembled_core.ml.cpcv,ARCHIVED(archive\observability_graveyard_2026q2\ml\cpcv.py),True,from src.assembled_core.ml.cpcv import generate_cpcv_splits
1976,src.assembled_core.signals.signal_api,ARCHIVED(archive\observability_graveyard_2026q2\signals\signal_api.py),True,from src.assembled_core.signals.signal_api import normalize_signals
2007,src.assembled_core.portfolio.position_sizing,OK,True,from src.assembled_core.portfolio.position_sizing import (
2018,src.assembled_core.portfolio.position_sizing,OK,True,from src.assembled_core.portfolio.position_sizing import (
2034,src.assembled_core.portfolio.position_sizing,OK,False,from src.assembled_core.portfolio.position_sizing import (
2052,src.assembled_core.portfolio.black_litterman,OK,True,from src.assembled_core.portfolio.black_litterman import (
2055,src.assembled_core.portfolio.covariance,ARCHIVED(archive\observability_graveyard_2026q2\portfolio\covariance.py),True,from src.assembled_core.portfolio.covariance import estimate_covariance
2118,src.assembled_core.portfolio.cost_aware_optimizer,OK,True,from src.assembled_core.portfolio.cost_aware_optimizer import (
2122,src.assembled_core.portfolio.covariance,ARCHIVED(archive\observability_graveyard_2026q2\portfolio\covariance.py),True,from src.assembled_core.portfolio.covariance import estimate_covariance
2194,src.assembled_core.portfolio.risk_budgeting,ARCHIVED(archive\observability_graveyard_2026q2\portfolio\risk_budgeting.py),True,from src.assembled_core.portfolio.risk_budgeting import (
2197,src.assembled_core.portfolio.covariance,ARCHIVED(archive\observability_graveyard_2026q2\portfolio\covariance.py),True,from src.assembled_core.portfolio.covariance import estimate_covariance
2269,src.assembled_core.portfolio.bl_sizing,ARCHIVED(archive\observability_graveyard_2026q2\portfolio\bl_sizing.py),True,from src.assembled_core.portfolio.bl_sizing import apply_bl_sizing
2326,src.assembled_core.portfolio.hrp_sizing,ARCHIVED(archive\observability_graveyard_2026q2\portfolio\hrp_sizing.py),True,from src.assembled_core.portfolio.hrp_sizing import apply_hrp_sizing
2381,src.assembled_core.portfolio.mvo_optimizer,MISSING,True,from src.assembled_core.portfolio.mvo_optimizer import (
2384,src.assembled_core.portfolio.covariance,ARCHIVED(archive\observability_graveyard_2026q2\portfolio\covariance.py),True,from src.assembled_core.portfolio.covariance import estimate_covariance
2486,src.assembled_core.portfolio.position_sizing,OK,True,from src.assembled_core.portfolio.position_sizing import (
2528,src.assembled_core.risk.factor_risk_model,ARCHIVED(archive\observability_graveyard_2026q2\risk\factor_risk_model.py),True,from src.assembled_core.risk.factor_risk_model import FactorRiskModel
2598,src.assembled_core.risk.liquidity_scoring,OK,True,from src.assembled_core.risk.liquidity_scoring import (
2785,src.assembled_core.risk.trailing_stops,OK,True,from src.assembled_core.risk.trailing_stops import (
2959,src.assembled_core.ops.shadow_recorder,ARCHIVED(archive\observability_graveyard_2026q2\ops\shadow_recorder.py),True,from src.assembled_core.ops.shadow_recorder import (
3045,src.assembled_core.ops.shadow_recorder,ARCHIVED(archive\observability_graveyard_2026q2\ops\shadow_recorder.py),True,from src.assembled_core.ops.shadow_recorder import (
3122,src.assembled_core.ops.shadow_recorder,ARCHIVED(archive\observability_graveyard_2026q2\ops\shadow_recorder.py),True,from src.assembled_core.ops.shadow_recorder import (
3126,src.assembled_core.portfolio.inverse_etf_selector,OK,True,from src.assembled_core.portfolio.inverse_etf_selector import (
3186,src.assembled_core.ml.quantile_models,ARCHIVED(archive\observability_graveyard_2026q2\ml\quantile_models.py),True,from src.assembled_core.ml.quantile_models import predict_quantiles
3226,src.assembled_core.risk.crowding_detector,OK,True,from src.assembled_core.risk.crowding_detector import compute_hhi
3299,src.assembled_core.events.crisis_alpha.pipeline,OK,True,from src.assembled_core.events.crisis_alpha.pipeline import (
3302,src.assembled_core.events.crisis_alpha.context,OK,True,from src.assembled_core.events.crisis_alpha.context import CrisisAlphaContext
3395,src.assembled_core.portfolio.cost_aware_wrapper,OK,True,from src.assembled_core.portfolio.cost_aware_wrapper import (
3447,src.assembled_core.risk.regime_costs,ARCHIVED(archive\observability_graveyard_2026q2\risk\regime_costs.py),True,from src.assembled_core.risk.regime_costs import estimate_regime_costs
3478,src.assembled_core.portfolio.stress_test_constraints,OK,True,from src.assembled_core.portfolio.stress_test_constraints import evaluate_stress_scenarios
3497,src.assembled_core.portfolio.regime_portfolio,MISSING,True,from src.assembled_core.portfolio.regime_portfolio import blend_regime_templates
3514,src.assembled_core.qa.reverse_stress,ARCHIVED(archive\observability_graveyard_2026q2\qa\reverse_stress.py),True,from src.assembled_core.qa.reverse_stress import reverse_stress_test
3538,src.assembled_core.portfolio.robust_optimizer,ARCHIVED(archive\observability_graveyard_2026q2\portfolio\robust_optimizer.py),True,from src.assembled_core.portfolio.robust_optimizer import compute_robust_weights  # noqa: F401
3546,src.assembled_core.portfolio.long_short_balance,ARCHIVED(archive\observability_graveyard_2026q2\portfolio\long_short_balance.py),True,from src.assembled_core.portfolio.long_short_balance import LongShortBalancer
3649,src.assembled_core.execution.algo_execution,OK,True,from src.assembled_core.execution.algo_execution import TWAPScheduler
3680,src.assembled_core.data.security_master,OK,True,from src.assembled_core.data.security_master import (
3724,src.assembled_core.risk.evt_tail_var,ARCHIVED(archive\observability_graveyard_2026q2\risk\evt_tail_var.py),True,from src.assembled_core.risk.evt_tail_var import evt_var
3771,src.assembled_core.ml.copula_models,ARCHIVED(archive\observability_graveyard_2026q2\ml\copula_models.py),True,from src.assembled_core.ml.copula_models import compute_portfolio_tail_risk
3810,src.assembled_core.portfolio.barbell_strategy,ARCHIVED(archive\observability_graveyard_2026q2\portfolio\barbell_strategy.py),True,from src.assembled_core.portfolio.barbell_strategy import (
3861,src.assembled_core.qa.risk_metrics,OK,True,from src.assembled_core.qa.risk_metrics import compute_portfolio_risk_metrics
3883,src.assembled_core.risk.tail_dependence,MISSING,True,from src.assembled_core.risk.tail_dependence import (
3911,src.assembled_core.portfolio.hierarchical_risk_parity,OK,True,from src.assembled_core.portfolio.hierarchical_risk_parity import compute_hrp_weights
3930,src.assembled_core.risk.systemic_risk,MISSING,True,from src.assembled_core.risk.systemic_risk import compute_return_network_centrality
3949,src.assembled_core.risk.param_stability,ARCHIVED(archive\observability_graveyard_2026q2\risk\param_stability.py),True,from src.assembled_core.risk.param_stability import compute_stability_report
3971,src.assembled_core.ops.execution_cost_meta,OK,True,from src.assembled_core.ops.execution_cost_meta import annotate_execution_cost
3993,src.assembled_core.qa.tca_arrival,ARCHIVED(archive\observability_graveyard_2026q2\qa\tca_arrival.py),True,from src.assembled_core.qa.tca_arrival import compute_implementation_shortfall
4020,src.assembled_core.ops.self_healing,ARCHIVED(archive\observability_graveyard_2026q2\ops\self_healing.py),True,from src.assembled_core.ops.self_healing import RiskEscalationLadder
4080,src.assembled_core.execution.kill_switch,OK,True,from src.assembled_core.execution.kill_switch import (
4129,src.assembled_core.qa.scenario_engine,OK,True,from src.assembled_core.qa.scenario_engine import run_crisis_scenarios
4154,src.assembled_core.paper.deadzone_rebalance,OK,True,from src.assembled_core.paper.deadzone_rebalance import filter_deadzone_orders
4175,src.assembled_core.paper.rebalance_filter,OK,True,from src.assembled_core.paper.rebalance_filter import filter_small_rebalances
4197,src.assembled_core.execution.fat_finger_guard,OK,True,from src.assembled_core.execution.fat_finger_guard import (
4222,src.assembled_core.execution.borrow_costs,OK,True,from src.assembled_core.execution.borrow_costs import (
4255,src.assembled_core.execution.order_lifecycle,OK,True,from src.assembled_core.execution.order_lifecycle import (
4283,src.assembled_core.risk.transaction_costs,OK,True,from src.assembled_core.risk.transaction_costs import estimate_per_trade_cost
4324,src.assembled_core.execution.safe_bridge,OK,True,from src.assembled_core.execution.safe_bridge import (
4356,src.assembled_core.qa.capacity,MISSING,True,from src.assembled_core.qa.capacity import estimate_strategy_capacity
4385,src.assembled_core.ops.kpi_artifacts,OK,True,from src.assembled_core.ops.kpi_artifacts import write_run_kpis
4401,src.assembled_core.ops.run_manifest,OK,True,from src.assembled_core.ops.run_manifest import write_run_manifest
4422,src.assembled_core.ops.run_index,OK,True,from src.assembled_core.ops.run_index import append_run_index
4423,src.assembled_core.ops.run_manifest,OK,True,from src.assembled_core.ops.run_manifest import compute_config_hash
4445,src.assembled_core.ml.model_registry,ARCHIVED(archive\observability_graveyard_2026q2\ml\model_registry.py),True,from src.assembled_core.ml.model_registry import ModelRegistry
4459,src.assembled_core.ops.report_retention,OK,True,from src.assembled_core.ops.report_retention import purge_old_dated_reports
4471,src.assembled_core.ops.trade_journal,OK,True,from src.assembled_core.ops.trade_journal import append_trade_journal_entries
4496,src.assembled_core.qa.learning_store,OK,True,from src.assembled_core.qa.learning_store import append_learning_record
4518,src.assembled_core.ops.heartbeat,OK,True,from src.assembled_core.ops.heartbeat import write_heartbeat
4533,src.assembled_core.ops.alert_manager,OK,True,from src.assembled_core.ops.alert_manager import AlertManager
4554,src.assembled_core.signals.signal_diagnostics,ARCHIVED(archive\observability_graveyard_2026q2\signals\signal_diagnostics.py),True,from src.assembled_core.signals.signal_diagnostics import (
4599,src.assembled_core.qa.monte_carlo,OK,True,from src.assembled_core.qa.monte_carlo import bootstrap_returns
4647,src.assembled_core.ops.metrics_exporter,OK,True,from src.assembled_core.ops.metrics_exporter import export_metrics
4687,src.assembled_core.risk.tail_hedging,ARCHIVED(archive\observability_graveyard_2026q2\risk\tail_hedging.py),True,from src.assembled_core.risk.tail_hedging import (
4750,src.assembled_core.risk.attribution,ARCHIVED(archive\observability_graveyard_2026q2\risk\attribution.py),True,from src.assembled_core.risk.attribution import (
4809,src.assembled_core.execution.portfolio_execution,MISSING,True,from src.assembled_core.execution.portfolio_execution import (
4869,src.assembled_core.execution.almgren_chriss,OK,True,from src.assembled_core.execution.almgren_chriss import (
4941,src.assembled_core.ops.shadow_mode,OK,True,from src.assembled_core.ops.shadow_mode import write_shadow_snapshot
4962,src.assembled_core.ops.experience_log,OK,True,from src.assembled_core.ops.experience_log import append_experience
4979,src.assembled_core.risk.regime_analysis,OK,True,from src.assembled_core.risk.regime_analysis import classify_regimes_from_index
4998,src.assembled_core.qa.portfolio_analyzer,OK,True,from src.assembled_core.qa.portfolio_analyzer import compute_performance_profile
5017,src.assembled_core.qa.drawdown_decomposition,OK,True,from src.assembled_core.qa.drawdown_decomposition import decompose_drawdown
5043,src.assembled_core.qa.benchmark_metrics,OK,True,from src.assembled_core.qa.benchmark_metrics import compute_benchmark_metrics
5065,src.assembled_core.qa.deflated_sharpe,OK,True,from src.assembled_core.qa.deflated_sharpe import deflated_sharpe
5085,src.assembled_core.risk.factor_exposures,OK,True,from src.assembled_core.risk.factor_exposures import (
5118,src.assembled_core.qa.scenario_simulator,OK,True,from src.assembled_core.qa.scenario_simulator import run_stress_test
5142,src.assembled_core.ml.online_learning,ARCHIVED(archive\observability_graveyard_2026q2\ml\online_learning.py),True,from src.assembled_core.ml.online_learning import compute_model_age_confidence
5160,src.assembled_core.ml.calibration_monitor,ARCHIVED(archive\observability_graveyard_2026q2\ml\calibration_monitor.py),True,from src.assembled_core.ml.calibration_monitor import compute_calibration
5181,src.assembled_core.ml.experiment_tracking,ARCHIVED(archive\observability_graveyard_2026q2\ml\experiment_tracking.py),True,from src.assembled_core.ml.experiment_tracking import ExperimentTracker
5204,src.assembled_core.ml.retraining_scheduler,ARCHIVED(archive\observability_graveyard_2026q2\ml\retraining_scheduler.py),True,from src.assembled_core.ml.retraining_scheduler import RetrainingScheduler
5226,src.assembled_core.ml.signal_decay_tracker,ARCHIVED(archive\observability_graveyard_2026q2\ml\signal_decay_tracker.py),True,from src.assembled_core.ml.signal_decay_tracker import SignalDecayTracker
5240,src.assembled_core.qa.post_trade_analyzer,OK,True,from src.assembled_core.qa.post_trade_analyzer import compute_forward_returns
5259,src.assembled_core.qa.performance_attribution,OK,True,from src.assembled_core.qa.performance_attribution import compute_attribution
5284,src.assembled_core.qa.qa_gates,OK,True,from src.assembled_core.qa.qa_gates import evaluate_all_gates
5285,src.assembled_core.qa.metrics,OK,True,from src.assembled_core.qa.metrics import compute_equity_metrics
5308,src.assembled_core.qa.factor_analysis,OK,True,"from src.assembled_core.qa.factor_analysis import compute_factor_ic, summarize_factor_ic  # noqa: F401"
5316,src.assembled_core.qa.labeling,OK,True,from src.assembled_core.qa.labeling import label_daily_records
5336,src.assembled_core.ml.feature_importance_tracker,ARCHIVED(archive\observability_graveyard_2026q2\ml\feature_importance_tracker.py),True,from src.assembled_core.ml.feature_importance_tracker import FeatureImportanceTracker
5350,src.assembled_core.ops.health_check,OK,True,from src.assembled_core.ops.health_check import (
5387,src.assembled_core.qa.robustness,ARCHIVED(archive\observability_graveyard_2026q2\qa\robustness.py),True,from src.assembled_core.qa.robustness import compute_deflated_sharpe
5407,src.assembled_core.ml.feedback_loop,ARCHIVED(archive\observability_graveyard_2026q2\ml\feedback_loop.py),True,from src.assembled_core.ml.feedback_loop import FeedbackLoopController
5422,src.assembled_core.ml.regime_model_router,ARCHIVED(archive\observability_graveyard_2026q2\ml\regime_model_router.py),True,from src.assembled_core.ml.regime_model_router import RegimeModelRouter
5435,src.assembled_core.ml.factor_models,ARCHIVED(archive\observability_graveyard_2026q2\ml\factor_models.py),True,from src.assembled_core.ml.factor_models import detect_feature_cols
5451,src.assembled_core.qa.candidate_gate,ARCHIVED(archive\observability_graveyard_2026q2\qa\candidate_gate.py),True,from src.assembled_core.qa.candidate_gate import check_candidate_allowed
5469,src.assembled_core.qa.backtest_overfit,ARCHIVED(archive\observability_graveyard_2026q2\qa\backtest_overfit.py),True,from src.assembled_core.qa.backtest_overfit import compute_pbo
5487,src.assembled_core.qa.ml_evaluation,OK,True,from src.assembled_core.qa.ml_evaluation import evaluate_meta_model
5513,src.assembled_core.ops.dashboard_data,ARCHIVED(archive\observability_graveyard_2026q2\ops\dashboard_data.py),True,"from src.assembled_core.ops.dashboard_data import build_pnl_curve, compute_risk_snapshot"
5529,src.assembled_core.qa.ab_testing,ARCHIVED(archive\observability_graveyard_2026q2\qa\ab_testing.py),True,"from src.assembled_core.qa.ab_testing import minimum_detectable_effect, paired_ab_test"
5550,src.assembled_core.qa.dataset_builder,OK,True,from src.assembled_core.qa.dataset_builder import build_ml_dataset_from_backtest
5569,src.assembled_core.ml.stacking,ARCHIVED(archive\observability_graveyard_2026q2\ml\stacking.py),True,from src.assembled_core.ml.stacking import enforce_ensemble_diversity
5585,src.assembled_core.ops.certification,ARCHIVED(archive\observability_graveyard_2026q2\ops\certification.py),True,from src.assembled_core.ops.certification import build_default_runner
5600,src.assembled_core.ops.alert_manager,OK,True,from src.assembled_core.ops.alert_manager import AlertManager
5601,src.assembled_core.ops.alert_sinks,ARCHIVED(archive\observability_graveyard_2026q2\ops\alert_sinks.py),True,from src.assembled_core.ops.alert_sinks import dispatch_alerts
5618,src.assembled_core.ml.online_gradient_boosting,ARCHIVED(archive\observability_graveyard_2026q2\ml\online_gradient_boosting.py),True,from src.assembled_core.ml.online_gradient_boosting import OnlineAdaptiveLearner
5631,src.assembled_core.ops.paper_ledger,OK,True,from src.assembled_core.ops.paper_ledger import (
5650,src.assembled_core.qa.factor_ranking,OK,True,from src.assembled_core.qa.factor_ranking import build_factor_ranking
5671,src.assembled_core.ml.meta_labeling,ARCHIVED(archive\observability_graveyard_2026q2\ml\meta_labeling.py),True,from src.assembled_core.ml.meta_labeling import MetaLabeler
5684,src.assembled_core.ops.compare,OK,True,from src.assembled_core.ops.compare import compare_summaries
5702,src.assembled_core.ops.experiment_runner,OK,True,from src.assembled_core.ops.experiment_runner import deep_merge_policy
5716,src.assembled_core.ml.explainability,ARCHIVED(archive\observability_graveyard_2026q2\ml\explainability.py),True,from src.assembled_core.ml.explainability import compute_model_feature_importance
5736,src.assembled_core.features.news_features,OK,True,from src.assembled_core.features.news_features import add_news_features
5754,src.assembled_core.features.geopolitical_features,OK,True,from src.assembled_core.features.geopolitical_features import compute_gpr_proxy
5772,src.assembled_core.features.insider_features,OK,True,from src.assembled_core.features.insider_features import add_insider_features
5790,src.assembled_core.features.event_features,OK,True,from src.assembled_core.features.event_features import build_event_feature_panel
5808,src.assembled_core.features.disclosure_features,MISSING,True,from src.assembled_core.features.disclosure_features import (
5826,src.assembled_core.features.buyback_features,ARCHIVED(archive\observability_graveyard_2026q2\features\buyback_features.py),True,from src.assembled_core.features.buyback_features import build_buyback_features
5839,src.assembled_core.features.short_interest_features,ARCHIVED(archive\observability_graveyard_2026q2\features\short_interest_features.py),True,from src.assembled_core.features.short_interest_features import build_short_interest_features
5852,src.assembled_core.features.institutional_features,ARCHIVED(archive\observability_graveyard_2026q2\features\institutional_features.py),True,from src.assembled_core.features.institutional_features import build_institutional_features
5864,src.assembled_core.features.index_rebal_features,OK,True,from src.assembled_core.features.index_rebal_features import build_index_rebal_features
5879,src.assembled_core.features.intraday_features,ARCHIVED(archive\observability_graveyard_2026q2\features\intraday_features.py),True,from src.assembled_core.features.intraday_features import build_intraday_features
5902,src.assembled_core.features.options_derived_signals,OK,True,from src.assembled_core.features.options_derived_signals import build_options_regime_factors
5916,src.assembled_core.features.cross_asset_leads,ARCHIVED(archive\observability_graveyard_2026q2\features\cross_asset_leads.py),True,from src.assembled_core.features.cross_asset_leads import build_cross_asset_signals
5933,src.assembled_core.ml.regime_weight_trainer,ARCHIVED(archive\observability_graveyard_2026q2\ml\regime_weight_trainer.py),True,from src.assembled_core.ml.regime_weight_trainer import train_regime_weights
5963,src.assembled_core.ml.news_ml_bridge,ARCHIVED(archive\observability_graveyard_2026q2\ml\news_ml_bridge.py),True,from src.assembled_core.ml.news_ml_bridge import get_event_type_ic_weights
5975,src.assembled_core.ml.nlp_sentiment,ARCHIVED(archive\observability_graveyard_2026q2\ml\nlp_sentiment.py),True,from src.assembled_core.ml.nlp_sentiment import score_texts_finbert
5988,src.assembled_core.ml.bayesian_ensemble,ARCHIVED(archive\observability_graveyard_2026q2\ml\bayesian_ensemble.py),True,from src.assembled_core.ml.bayesian_ensemble import compute_bma_weights
6003,src.assembled_core.ml.stacking_ensemble,ARCHIVED(archive\observability_graveyard_2026q2\ml\stacking_ensemble.py),True,from src.assembled_core.ml.stacking_ensemble import StackingConfig
6018,src.assembled_core.ml.tda_regime,ARCHIVED(archive\observability_graveyard_2026q2\ml\tda_regime.py),True,from src.assembled_core.ml.tda_regime import compute_persistence_features
6033,src.assembled_core.signals.ml_integration,ARCHIVED(archive\observability_graveyard_2026q2\signals\ml_integration.py),True,from src.assembled_core.signals.ml_integration import MLSignalPipeline
6047,src.assembled_core.signals.rules_event_insider_shipping,OK,True,from src.assembled_core.signals.rules_event_insider_shipping import generate_event_signals
6066,src.assembled_core.ops.paper_summary,OK,True,from src.assembled_core.ops.paper_summary import build_paper_summary
6079,src.assembled_core.ml.gaussian_process,ARCHIVED(archive\observability_graveyard_2026q2\ml\gaussian_process.py),True,"from src.assembled_core.ml.gaussian_process import FactorGPR, SKLEARN_GP_AVAILABLE"
6092,src.assembled_core.ml.automl,ARCHIVED(archive\observability_graveyard_2026q2\ml\automl.py),True,"from src.assembled_core.ml.automl import AutoMLResult, SKLEARN_AVAILABLE as _automl_sklearn"
6102,src.assembled_core.ml.causal_inference,ARCHIVED(archive\observability_graveyard_2026q2\ml\causal_inference.py),True,"from src.assembled_core.ml.causal_inference import screen_factors_causal, CausalEffectResult"
6133,src.assembled_core.ml.bayesian_nn,ARCHIVED(archive\observability_graveyard_2026q2\ml\bayesian_nn.py),True,"from src.assembled_core.ml.bayesian_nn import MCDropoutMLP, TORCH_AVAILABLE as _bnn_torch"
6146,src.assembled_core.ml.hyperopt,ARCHIVED(archive\observability_graveyard_2026q2\ml\hyperopt.py),True,from src.assembled_core.ml.hyperopt import OPTUNA_AVAILABLE
6156,src.assembled_core.ml.temporal_attention,ARCHIVED(archive\observability_graveyard_2026q2\ml\temporal_attention.py),True,from src.assembled_core.ml.temporal_attention import (
6172,src.assembled_core.ml.rl_portfolio,ARCHIVED(archive\observability_graveyard_2026q2\ml\rl_portfolio.py),True,from src.assembled_core.ml.rl_portfolio import (
6187,src.assembled_core.ml.rl_execution,ARCHIVED(archive\observability_graveyard_2026q2\ml\rl_execution.py),True,"from src.assembled_core.ml.rl_execution import QLearningExecutionAgent, N_ACTIONS"
6199,src.assembled_core.ml.symbolic_regression,ARCHIVED(archive\observability_graveyard_2026q2\ml\symbolic_regression.py),True,from src.assembled_core.ml.symbolic_regression import (
6211,src.assembled_core.risk.antifragility,MISSING,True,from src.assembled_core.risk.antifragility import compute_antifragility_score
6227,src.assembled_core.risk.stressed_var,ARCHIVED(archive\observability_graveyard_2026q2\risk\stressed_var.py),True,from src.assembled_core.risk.stressed_var import (
6241,src.assembled_core.risk.profit_targets,OK,True,from src.assembled_core.risk.profit_targets import ProfitTargetConfig
6253,src.assembled_core.risk.exposure_engine,OK,True,"from src.assembled_core.risk.exposure_engine import ExposureSummary, compute_target_positions"
6267,src.assembled_core.risk.intraday_monitor,ARCHIVED(archive\observability_graveyard_2026q2\risk\intraday_monitor.py),True,"from src.assembled_core.risk.intraday_monitor import IntradayRiskConfig, IntradayRiskMonitor"
6279,src.assembled_core.portfolio.market_neutral_optimizer,OK,True,from src.assembled_core.portfolio.market_neutral_optimizer import (
6294,src.assembled_core.portfolio.multi_period,ARCHIVED(archive\observability_graveyard_2026q2\portfolio\multi_period.py),True,from src.assembled_core.portfolio.multi_period import (
6307,src.assembled_core.portfolio.multiasset_allocator,OK,True,from src.assembled_core.portfolio.multiasset_allocator import (
6321,src.assembled_core.portfolio.strategy_allocator,ARCHIVED(archive\observability_graveyard_2026q2\portfolio\strategy_allocator.py),True,from src.assembled_core.portfolio.strategy_allocator import (
6334,src.assembled_core.features.altdata_earnings_insider_factors,OK,True,from src.assembled_core.features.altdata_earnings_insider_factors import (
6355,src.assembled_core.features.altdata_news_macro_factors,OK,True,from src.assembled_core.features.altdata_news_macro_factors import (
6373,src.assembled_core.features.event_features_vectorized,OK,True,from src.assembled_core.features.event_features_vectorized import (
6385,src.assembled_core.features.satellite_proxy_features,MISSING,True,from src.assembled_core.features.satellite_proxy_features import (
6397,src.assembled_core.features.supply_chain_features,OK,True,from src.assembled_core.features.supply_chain_features import (
6414,src.assembled_core.strategies.signal_decay_gate,OK,True,from src.assembled_core.strategies.signal_decay_gate import compute_multipliers
6426,src.assembled_core.strategies.stat_arb,MISSING,True,from src.assembled_core.strategies.stat_arb import (
6443,src.assembled_core.strategies.strategy_discovery,ARCHIVED(archive\observability_graveyard_2026q2\strategies\strategy_discovery.py),True,from src.assembled_core.strategies.strategy_discovery import DiscoveryResult
6452,src.assembled_core.signals.regime.hmm_posterior,OK,True,from src.assembled_core.signals.regime.hmm_posterior import (
6467,src.assembled_core.ml.gnn_stocks,ARCHIVED(archive\observability_graveyard_2026q2\ml\gnn_stocks.py),True,"from src.assembled_core.ml.gnn_stocks import GNNConfig, TORCH_AVAILABLE as _gnn_torch"
6479,src.assembled_core.ml.graph_models,ARCHIVED(archive\observability_graveyard_2026q2\ml\graph_models.py),True,"from src.assembled_core.ml.graph_models import generate_graph_signals, GraphSignal"
6488,src.assembled_core.ml.maml,ARCHIVED(archive\observability_graveyard_2026q2\ml\maml.py),True,"from src.assembled_core.ml.maml import MAMLConfig, TORCH_AVAILABLE as _maml_torch"
6501,src.assembled_core.ml.lime_explainer,ARCHIVED(archive\observability_graveyard_2026q2\ml\lime_explainer.py),True,from src.assembled_core.ml.lime_explainer import LIMEExplainerWrapper
6516,src.assembled_core.ml.online_hpo,ARCHIVED(archive\observability_graveyard_2026q2\ml\online_hpo.py),True,from src.assembled_core.ml.online_hpo import OnlineHyperparamAdapter
6528,src.assembled_core.ml.nested_meta_labeling,ARCHIVED(archive\observability_graveyard_2026q2\ml\nested_meta_labeling.py),True,from src.assembled_core.ml.nested_meta_labeling import NestedMetaLabeler
6539,src.assembled_core.qa.factor_report,ARCHIVED(archive\observability_graveyard_2026q2\qa\factor_report.py),True,from src.assembled_core.qa.factor_report import run_factor_report
6557,src.assembled_core.qa.shipping_risk,OK,True,from src.assembled_core.qa.shipping_risk import (
6584,src.assembled_core.qa.trade_tca,OK,True,"from src.assembled_core.qa.trade_tca import TradeTCA, compute_trade_tca, aggregate_tca"
6610,src.assembled_core.compliance.audit_log,ARCHIVED(archive\observability_graveyard_2026q2\compliance\audit_log.py),True,"from src.assembled_core.compliance.audit_log import AuditLog, AuditEventType"
6625,src.assembled_core.compliance.otr_monitor,ARCHIVED(archive\observability_graveyard_2026q2\compliance\otr_monitor.py),True,from src.assembled_core.compliance.otr_monitor import OTRMonitor
6640,src.assembled_core.compliance.regulatory_reports,ARCHIVED(archive\observability_graveyard_2026q2\compliance\regulatory_reports.py),True,from src.assembled_core.compliance.regulatory_reports import (
6659,src.assembled_core.config.constants,OK,True,from src.assembled_core.config.constants import (
6674,src.assembled_core.config.policy_schema,OK,True,from src.assembled_core.config.policy_schema import validate_policy
6685,src.assembled_core.events.evidence_engine.grader,OK,True,from src.assembled_core.events.evidence_engine.grader import grade_evidence
6686,src.assembled_core.events.evidence_engine.grades,OK,True,from src.assembled_core.events.evidence_engine.grades import EvidenceGrade
6702,src.assembled_core.events.evidence_engine.action_gate,OK,True,from src.assembled_core.events.evidence_engine.action_gate import check_evidence_grade_gate
6703,src.assembled_core.events.evidence_engine.grades,OK,True,from src.assembled_core.events.evidence_engine.grades import EvidenceGrade as _EG
6714,src.assembled_core.events.evidence_engine.misinfo_risk,OK,True,from src.assembled_core.events.evidence_engine.misinfo_risk import compute_misinfo_risk
6726,src.assembled_core.events.news.burst,OK,True,from src.assembled_core.events.news.burst import compute_bursts_for_window
6742,src.assembled_core.events.news.fingerprint,OK,True,"from src.assembled_core.events.news.fingerprint import simhash64, hamming_distance"
6755,src.assembled_core.events.news.tfidf,OK,True,"from src.assembled_core.events.news.tfidf import build_tfidf_vectors, cosine_sparse"
6768,src.assembled_core.events.news.trigger_scoring,OK,True,from src.assembled_core.events.news.trigger_scoring import score_triggers
6779,src.assembled_core.data.pit_guard,ARCHIVED(archive\observability_graveyard_2026q2\data\pit_guard.py),True,from src.assembled_core.data.pit_guard import PITGuard
6791,src.assembled_core.data.realism_meta,ARCHIVED(archive\observability_graveyard_2026q2\data\realism_meta.py),True,from src.assembled_core.data.realism_meta import build_realism_label
6806,src.assembled_core.data.latency,OK,True,from src.assembled_core.data.latency import apply_source_latency
6819,src.assembled_core.data.synthetic_generator,MISSING,True,"from src.assembled_core.data.synthetic_generator import generate_crisis_returns, generate_normal_returns"
6831,src.assembled_core.data.resample,OK,True,from src.assembled_core.data.resample import resample_to_weekly
6849,src.assembled_core.data.panel_store,MISSING,True,from src.assembled_core.data.panel_store import panel_exists
6860,src.assembled_core.accounting.round_trips,MISSING,True,"from src.assembled_core.accounting.round_trips import compute_round_trips, round_trip_summary"
6874,src.assembled_core.accounting.tax_lots,OK,True,from src.assembled_core.accounting.tax_lots import TaxLotTracker
6885,src.assembled_core.accounting.decision_audit,MISSING,True,"from src.assembled_core.accounting.decision_audit import DecisionAuditTrail, DecisionRecord"
6904,src.assembled_core.accounting.position_engine,OK,True,from src.assembled_core.accounting.position_engine import build_positions_from_ledger
6923,src.assembled_core.accounting.broker_snapshot,OK,True,from src.assembled_core.accounting.broker_snapshot import normalize_broker_snapshot
6939,src.assembled_core.accounting.accounting_report,OK,True,from src.assembled_core.accounting.accounting_report import (
6951,src.assembled_core.execution.fill_model,OK,True,from src.assembled_core.execution.fill_model import PartialFillModel
6963,src.assembled_core.execution.intent_store,OK,True,"from src.assembled_core.execution.intent_store import has_intent, make_daily_key"
6975,src.assembled_core.execution.pre_open_signals,ARCHIVED(archive\observability_graveyard_2026q2\execution\pre_open_signals.py),True,from src.assembled_core.execution.pre_open_signals import (
6993,src.assembled_core.execution.symbol_kill_switch,OK,True,from src.assembled_core.execution.symbol_kill_switch import (
7009,src.assembled_core.execution.cost_model_calibrator,OK,True,"from src.assembled_core.execution.cost_model_calibrator import CostModelPriors, CalibrationResult"
7021,src.assembled_core.execution.fill_model_pipeline,OK,True,from src.assembled_core.execution.fill_model_pipeline import apply_fill_model_pipeline
7035,src.assembled_core.intel.health_monitor,OK,True,from src.assembled_core.intel.health_monitor import HealthMonitor
7050,src.assembled_core.intel.news_decay,OK,True,from src.assembled_core.intel.news_decay import NewsDecay
7062,src.assembled_core.intel.nation_profiles,OK,True,"from src.assembled_core.intel.nation_profiles import load_nation_profiles, compute_vulnerability_score"
7074,src.assembled_core.intel.news_classifier,OK,True,"from src.assembled_core.intel.news_classifier import classify_news_event, NewsClassification"
7087,src.assembled_core.intel.news_cluster,OK,True,from src.assembled_core.intel.news_cluster import ClusterManager
7099,src.assembled_core.intel.news_corroboration,OK,True,from src.assembled_core.intel.news_corroboration import CorroborationTracker
7111,src.assembled_core.intel.news_contradiction,OK,True,from src.assembled_core.intel.news_contradiction import ContradictionDetector
7123,src.assembled_core.intel.news_dedupe,OK,True,from src.assembled_core.intel.news_dedupe import NewsDedupeIndex
7134,src.assembled_core.intel.news_enricher,OK,True,from src.assembled_core.intel.news_enricher import NewsEventEnricher
7146,src.assembled_core.intel.news_impact_estimator,OK,True,"from src.assembled_core.intel.news_impact_estimator import NewsImpactEstimator, ImpactEstimate"
7162,src.assembled_core.intel.market_confirmation,OK,True,from src.assembled_core.intel.market_confirmation import compute_market_confirmation  # noqa: F401
7169,src.assembled_core.intel.currency_crisis,ARCHIVED(archive\observability_graveyard_2026q2\intel\currency_crisis.py),True,from src.assembled_core.intel.currency_crisis import rank_currencies_by_risk
7180,src.assembled_core.intel.news_language,OK,True,"from src.assembled_core.intel.news_language import detect_language, is_english"
7192,src.assembled_core.intel.news_macro_calendar,OK,True,from src.assembled_core.intel.news_macro_calendar import MacroCalendar
7203,src.assembled_core.intel.central_bank_divergence,ARCHIVED(archive\observability_graveyard_2026q2\intel\central_bank_divergence.py),True,from src.assembled_core.intel.central_bank_divergence import (
7219,src.assembled_core.intel.entity_linker,ARCHIVED(archive\observability_graveyard_2026q2\intel\entity_linker.py),True,from src.assembled_core.intel.entity_linker import EntityLinker
7231,src.assembled_core.intel.news_impact_calibrator,ARCHIVED(archive\observability_graveyard_2026q2\intel\news_impact_calibrator.py),True,from src.assembled_core.intel.news_impact_calibrator import ImpactCalibrator
7243,src.assembled_core.intel.news_entity_mapper,OK,True,from src.assembled_core.intel.news_entity_mapper import extract_tickers_from_title
7254,src.assembled_core.intel.news_alerts,OK,True,from src.assembled_core.intel.news_alerts import AlertEngine
7268,src.assembled_core.intel.news_archive,OK,True,from src.assembled_core.intel.news_archive import NewsArchiveReader
7276,src.assembled_core.intel.news_archiver,OK,True,from src.assembled_core.intel.news_archiver import NewsArchiver
7285,src.assembled_core.intel.news_entity_graph,OK,True,from src.assembled_core.intel.news_entity_graph import EntityCoGraph
7294,src.assembled_core.intel.news_event_store,OK,True,from src.assembled_core.intel.news_event_store import NewsEventStore
7302,src.assembled_core.intel.news_ingest,OK,True,from src.assembled_core.intel.news_ingest import records_to_news_events
7310,src.assembled_core.intel.news_semantic_dedup,OK,True,from src.assembled_core.intel.news_semantic_dedup import SemanticDedup
7318,src.assembled_core.intel.news_sentiment_drift,OK,True,from src.assembled_core.intel.news_sentiment_drift import SentimentDriftTracker
7327,src.assembled_core.intel.news_signal_aggregator,OK,True,from src.assembled_core.intel.news_signal_aggregator import aggregate_signals
7339,src.assembled_core.intel.news_source_voting,OK,True,"from src.assembled_core.intel.news_source_voting import vote_direction, VoteResult"
7351,src.assembled_core.intel.news_ticker_velocity,OK,True,from src.assembled_core.intel.news_ticker_velocity import TickerVelocityTracker
7363,src.assembled_core.intel.news_trade_attribution,OK,True,from src.assembled_core.intel.news_trade_attribution import NewsTradeAttributor
7375,src.assembled_core.intel.news_velocity,OK,True,from src.assembled_core.intel.news_velocity import VelocityTracker
7388,src.assembled_core.intel.pit_store,OK,True,from src.assembled_core.intel.pit_store import PITStore
7396,src.assembled_core.intel.rss_fetcher,OK,True,from src.assembled_core.intel.rss_fetcher import RSSFetcher
7404,src.assembled_core.intel.sanctions_model,ARCHIVED(archive\observability_graveyard_2026q2\intel\sanctions_model.py),True,"from src.assembled_core.intel.sanctions_model import get_sanction_package, HISTORICAL_SANCTIONS"
7415,src.assembled_core.intel.sector_news_overlay,OK,True,from src.assembled_core.intel.sector_news_overlay import SectorNewsOverlay
7427,src.assembled_core.intel.shipping_lanes,ARCHIVED(archive\observability_graveyard_2026q2\intel\shipping_lanes.py),True,from src.assembled_core.intel.shipping_lanes import LANES_DATABASE
7434,src.assembled_core.intel.shock_propagation,OK,True,"from src.assembled_core.intel.shock_propagation import SHOCK_TO_ORIGIN_NODES, DEFAULT_DAMPENING_FACTOR"
7445,src.assembled_core.intel.source_registry,OK,True,"from src.assembled_core.intel.source_registry import list_sources, get_trust_weight"
7453,src.assembled_core.intel.trigger_snapshot_store,MISSING,True,from src.assembled_core.intel.trigger_snapshot_store import TriggerSnapshotStore
7461,src.assembled_core.intel.weaponized_interdependence,ARCHIVED(archive\observability_graveyard_2026q2\intel\weaponized_interdependence.py),True,from src.assembled_core.intel.weaponized_interdependence import get_known_wi_pairs
7472,src.assembled_core.intel.wild_card_detector,MISSING,True,from src.assembled_core.intel.wild_card_detector import detect_volume_anomaly
7483,src.assembled_core.intel.dependency_graph,OK,True,from src.assembled_core.intel.dependency_graph import DependencyGraph
7491,src.assembled_core.intel.crisis_alpha_worker,OK,True,from src.assembled_core.intel.crisis_alpha_worker import CrisisStateConfig
7503,src.assembled_core.intel.evidence_grade_writer,MISSING,True,from src.assembled_core.intel.evidence_grade_writer import EvidenceGradeWriter
7511,src.assembled_core.intel.news_newsapi_fetcher,MISSING,True,from src.assembled_core.intel.news_newsapi_fetcher import NewsAPIFetcher
7519,src.assembled_core.intel.news_position_bridge,OK,True,"from src.assembled_core.intel.news_position_bridge import cluster_to_signal, PositionSignal"
7530,src.assembled_core.intel.news_replay,MISSING,True,"from src.assembled_core.intel.news_replay import NewsReplayer, ReplayStep"
7531,src.assembled_core.intel.pit_store,OK,True,from src.assembled_core.intel.pit_store import PITStore as _PITStore
7539,src.assembled_core.execution.adaptive_algo,ARCHIVED(archive\observability_graveyard_2026q2\execution\adaptive_algo.py),True,from src.assembled_core.execution.adaptive_algo import AdaptiveExecutionAlgo
7551,src.assembled_core.execution.api_resilience,OK,True,"from src.assembled_core.execution.api_resilience import RetryPolicy, DEFAULT_RETRY_POLICY"
7562,src.assembled_core.execution.broker_adapter,OK,True,"from src.assembled_core.execution.broker_adapter import BrokerOrder, BrokerPosition"
7569,src.assembled_core.execution.broker_execution,OK,True,from src.assembled_core.execution.broker_execution import BrokerExecutionResult
7581,src.assembled_core.execution.ibkr_adapter,ARCHIVED(archive\observability_graveyard_2026q2\execution\ibkr_adapter.py),True,from src.assembled_core.execution.ibkr_adapter import IBKRAdapter
7593,src.assembled_core.execution.paper_monitoring,ARCHIVED(archive\observability_graveyard_2026q2\execution\paper_monitoring.py),True,from src.assembled_core.execution.paper_monitoring import PaperMonitor
7601,src.assembled_core.execution.paper_trading_engine,OK,True,from src.assembled_core.execution.paper_trading_engine import PaperTradingEngine
7613,src.assembled_core.execution.position_sync,OK,True,from src.assembled_core.execution.position_sync import SyncResult
7620,src.assembled_core.execution.pre_live_gate,ARCHIVED(archive\observability_graveyard_2026q2\execution\pre_live_gate.py),True,from src.assembled_core.execution.pre_live_gate import PreLiveGate
7634,src.assembled_core.execution.smart_order_router,OK,True,"from src.assembled_core.execution.smart_order_router import route_order, DEFAULT_VENUES"
7644,src.assembled_core.execution.unified_paper_engine,OK,True,from src.assembled_core.execution.unified_paper_engine import UnifiedPaperEngine
7655,src.assembled_core.qa.adversarial_testing,ARCHIVED(archive\observability_graveyard_2026q2\qa\adversarial_testing.py),True,from src.assembled_core.qa.adversarial_testing import run_adversarial_audit
7662,src.assembled_core.qa.backtest_comparison,OK,True,"from src.assembled_core.qa.backtest_comparison import compare_backtests, BacktestComparisonReport"
7669,src.assembled_core.qa.backtest_engine,OK,True,from src.assembled_core.qa.backtest_engine import BacktestResult
7676,src.assembled_core.qa.e2e_integration,ARCHIVED(archive\observability_graveyard_2026q2\qa\e2e_integration.py),True,"from src.assembled_core.qa.e2e_integration import E2ETestResult, E2ESuiteResult"
7683,src.assembled_core.qa.event_study,OK,True,"from src.assembled_core.qa.event_study import build_event_window_prices, compute_event_returns"
7691,src.assembled_core.qa.numba_kernels,OK,True,from src.assembled_core.qa.numba_kernels import compute_mark_to_market_numba
7699,src.assembled_core.qa.parallel_grid,OK,True,"from src.assembled_core.qa.parallel_grid import run_grid_parallel, GridPoint"
7706,src.assembled_core.qa.regime_aware_wf,ARCHIVED(archive\observability_graveyard_2026q2\qa\regime_aware_wf.py),True,from src.assembled_core.qa.regime_aware_wf import RegimeWalkForwardResult
7713,src.assembled_core.accounting.broker_snapshot_importer,OK,True,from src.assembled_core.accounting.broker_snapshot_importer import import_broker_snapshot
7720,src.assembled_core.accounting.broker_snapshot_store,OK,True,from src.assembled_core.accounting.broker_snapshot_store import (
7730,src.assembled_core.accounting.evidence_index,OK,True,from src.assembled_core.accounting.evidence_index import write_evidence_index_json
7737,src.assembled_core.accounting.evidence_pack,OK,True,from src.assembled_core.accounting.evidence_pack import _sha256_bytes
7745,src.assembled_core.accounting.ledger_integration,OK,True,from src.assembled_core.accounting.ledger_integration import build_ledger_from_trades
7752,src.assembled_core.accounting.ledger_store,OK,True,"from src.assembled_core.accounting.ledger_store import ledger_base_path, list_ledger_runs"
7759,src.assembled_core.accounting.reconciliation_report,OK,True,from src.assembled_core.accounting.reconciliation_report import write_reconcile_report_json
7766,src.assembled_core.data.corporate_actions,OK,True,from src.assembled_core.data.corporate_actions import load_corporate_actions
7774,src.assembled_core.data.cost_model_policy,OK,True,from src.assembled_core.data.cost_model_policy import estimate_rebalance_cost_fraction
7781,src.assembled_core.data.insider_ingest,OK,True,from src.assembled_core.data.insider_ingest import load_insider_sample
7789,src.assembled_core.data.prices_ingest,OK,True,from src.assembled_core.data.prices_ingest import validate_price_data
7798,src.assembled_core.data.shipping_routes_ingest,OK,True,from src.assembled_core.data.shipping_routes_ingest import load_shipping_sample
7806,src.assembled_core.data.universe_etf,OK,True,"from src.assembled_core.data.universe_etf import load_etf_universe, get_all_symbols"
7815,src.assembled_core.ops.daily_scheduler,OK,True,from src.assembled_core.ops.daily_scheduler import WorkerResult
7822,src.assembled_core.ops.grafana_dashboards,ARCHIVED(archive\observability_graveyard_2026q2\ops\grafana_dashboards.py),True,from src.assembled_core.ops.grafana_dashboards import export_all_dashboards
7831,src.assembled_core.ops.inspect_data,OK,True,from src.assembled_core.ops.inspect_data import inspect_eod_prices
7839,src.assembled_core.ops.intel_activity_summary,OK,True,from src.assembled_core.ops.intel_activity_summary import _safe_int
7846,src.assembled_core.ops.intel_orchestrator,OK,True,from src.assembled_core.ops.intel_orchestrator import run_intel_pipelines
7853,src.assembled_core.ops.replay_snapshot,OK,True,from src.assembled_core.ops.replay_snapshot import RunSnapshot
7860,src.assembled_core.paper.georisk_gate,OK,True,from src.assembled_core.paper.georisk_gate import compute_georisk_multiplier
7868,src.assembled_core.paper.intel_context,OK,True,from src.assembled_core.paper.intel_context import active_shocks_from_triggers
7875,src.assembled_core.paper.intel_runner,OK,True,"from src.assembled_core.paper.intel_runner import compute_news_geo, _empty_news_geo"
7883,src.assembled_core.paper.paper_track,OK,True,from src.assembled_core.paper.paper_track import PaperTrackConfig
7891,src.assembled_core.paper.strategy_adapters,OK,True,from src.assembled_core.paper.strategy_adapters import generate_signals_and_targets_for_day
7898,src.assembled_core.reports.daily_qa_report,OK,True,from src.assembled_core.reports.daily_qa_report import generate_qa_report
7905,src.assembled_core.strategies.ema_trend_v0,OK,True,from src.assembled_core.strategies.ema_trend_v0 import compute_signals as _ema_signals
7912,src.assembled_core.strategies.ic_decay_weights,OK,True,from src.assembled_core.strategies.ic_decay_weights import compute_ic_decay_weights
7919,src.assembled_core.strategies.multifactor_long_short,OK,True,from src.assembled_core.strategies.multifactor_long_short import (
7935,src.assembled_core.strategies.multifactor_v1,OK,True,from src.assembled_core.strategies.multifactor_v1 import compute_signals as _mfv1_signals
7942,src.assembled_core.strategies.multifactor_v2,OK,True,from src.assembled_core.strategies.multifactor_v2 import compute_signals as _mfv2_signals
7949,src.assembled_core.features.earnings_insider_wrapper,OK,True,from src.assembled_core.features.earnings_insider_wrapper import compute_earnings_insider_factors
7956,src.assembled_core.features.feature_flag_audit,MISSING,True,"from src.assembled_core.features.feature_flag_audit import audit_feature_flags, FEATURE_FLAGS"
7969,src.assembled_core.features.news_macro_wrapper,OK,True,from src.assembled_core.features.news_macro_wrapper import compute_news_macro_factors
7976,src.assembled_core.features.shipping_features,OK,True,from src.assembled_core.features.shipping_features import add_shipping_features
7983,src.assembled_core.accounting.attribution,OK,True,from src.assembled_core.accounting.attribution import compute_cost_attribution
7995,src.assembled_core.accounting.currency,OK,True,from src.assembled_core.accounting.currency import FXConverter
8006,src.assembled_core.accounting.ledger,OK,True,from src.assembled_core.accounting.ledger import events_from_orders
8013,src.assembled_core.accounting.reconciliation,OK,True,from src.assembled_core.accounting.reconciliation import ReconcileSLO
8026,src.assembled_core.data.altdata.contract,OK,True,from src.assembled_core.data.altdata.contract import normalize_alt_events
8033,src.assembled_core.data.altdata.finnhub_common,OK,True,from src.assembled_core.data.altdata.finnhub_common import get_finnhub_session
8040,src.assembled_core.data.altdata.finnhub_events,OK,True,from src.assembled_core.data.altdata.finnhub_events import (
8050,src.assembled_core.data.altdata.finnhub_news_macro,OK,True,from src.assembled_core.data.altdata.finnhub_news_macro import (
8066,src.assembled_core.data.altdata.house_ptr_parser,ARCHIVED(archive\observability_graveyard_2026q2\data\altdata\house_ptr_parser.py),True,from src.assembled_core.data.altdata.house_ptr_parser import (
8076,src.assembled_core.data.altdata.patent_features,ARCHIVED(archive\observability_graveyard_2026q2\data\altdata\patent_features.py),True,"from src.assembled_core.data.altdata.patent_features import PatentConfig, compute_patent_features"
8088,src.assembled_core.data.altdata.satellite_features,ARCHIVED(archive\observability_graveyard_2026q2\data\altdata\satellite_features.py),True,"from src.assembled_core.data.altdata.satellite_features import SatelliteConfig, process_parking_lot_data"
8100,src.assembled_core.data.altdata.social_sentiment,ARCHIVED(archive\observability_graveyard_2026q2\data\altdata\social_sentiment.py),True,"from src.assembled_core.data.altdata.social_sentiment import SentimentConfig, aggregate_daily_sentiment"
8112,src.assembled_core.data.altdata.web_scraping,ARCHIVED(archive\observability_graveyard_2026q2\data\altdata\web_scraping.py),True,"from src.assembled_core.data.altdata.web_scraping import WebScrapingConfig, compute_job_posting_features"
8124,src.assembled_core.data.calendar,OK,True,"from src.assembled_core.data.calendar import calendar_mode, is_trading_day_safe"
8134,src.assembled_core.data.data_source,OK,True,from src.assembled_core.data.data_source import get_price_data_source
8141,src.assembled_core.data.ledger_store,OK,True,from src.assembled_core.data.ledger_store import LedgerStore
8148,src.assembled_core.data.macro.contract,OK,True,from src.assembled_core.data.macro.contract import normalize_macro_releases
8155,src.assembled_core.data.news.contract,MISSING,True,from src.assembled_core.data.news.contract import normalize_news_events
8162,src.assembled_core.data.news.entity_linking,MISSING,True,from src.assembled_core.data.news.entity_linking import link_news_to_symbols
8169,src.assembled_core.data.news.store,MISSING,True,from src.assembled_core.data.news.store import load_news
8180,src.assembled_core.data.news_ingest,MISSING,True,"from src.assembled_core.data.news_ingest import load_news_sample, normalize_news"
8191,src.assembled_core.data.shipping.contract,MISSING,True,from src.assembled_core.data.shipping.contract import normalize_shipping_releases
8198,src.assembled_core.data.snapshot,OK,True,from src.assembled_core.data.snapshot import compute_price_panel_snapshot_id
8205,src.assembled_core.data.sources.alphavantage_source,OK,True,from src.assembled_core.data.sources.alphavantage_source import fetch_prices_alphavantage
8212,src.assembled_core.data.sources.bls_source,OK,True,from src.assembled_core.data.sources.bls_source import fetch_bls_series
8219,src.assembled_core.data.sources.cboe_source,OK,True,from src.assembled_core.data.sources.cboe_source import CBOESource
8227,src.assembled_core.data.sources.edgar_source,OK,True,from src.assembled_core.data.sources.edgar_source import fetch_insider_trades
8234,src.assembled_core.data.sources.fred_source,OK,True,from src.assembled_core.data.sources.fred_source import fetch_fred_series
8241,src.assembled_core.data.sources.newsapi_source,OK,True,from src.assembled_core.data.sources.newsapi_source import fetch_news_headlines
8248,src.assembled_core.data.sources.polygon_source,OK,True,from src.assembled_core.data.sources.polygon_source import fetch_prices_polygon
8255,src.assembled_core.data.sources.worldbank_source,OK,True,from src.assembled_core.data.sources.worldbank_source import fetch_worldbank_indicator
8262,src.assembled_core.data.sources.yfinance_source,OK,True,from src.assembled_core.data.sources.yfinance_source import fetch_prices_yfinance
8269,src.assembled_core.data.streaming.minute_bar_aggregator,ARCHIVED(archive\observability_graveyard_2026q2\data\streaming\minute_bar_aggregator.py),True,from src.assembled_core.data.streaming.minute_bar_aggregator import MinuteBarAggregator
8280,src.assembled_core.data.streaming.ws_client,ARCHIVED(archive\observability_graveyard_2026q2\data\streaming\ws_client.py),True,from src.assembled_core.data.streaming.ws_client import WSConfig
8292,src.assembled_core.data.universe,OK,True,from src.assembled_core.data.universe import get_universe_members
8299,src.assembled_core.events.crisis_alpha.baskets,OK,True,"from src.assembled_core.events.crisis_alpha.baskets import get_baskets, get_basket_symbols"
8312,src.assembled_core.events.crisis_alpha.entry,OK,True,from src.assembled_core.events.crisis_alpha.entry import generate_crisis_entry
8319,src.assembled_core.events.crisis_alpha.exit_rules,OK,True,from src.assembled_core.events.crisis_alpha.exit_rules import get_positions_to_exit
8326,src.assembled_core.events.crisis_alpha.gates,OK,True,from src.assembled_core.events.crisis_alpha.gates import run_all_activation_gates
8333,src.assembled_core.events.crisis_alpha.risk_budget,OK,True,from src.assembled_core.events.crisis_alpha.risk_budget import apply_risk_budget
8340,src.assembled_core.events.crisis_alpha.state_machine,OK,True,from src.assembled_core.events.crisis_alpha.state_machine import CrisisStateRecord
8351,src.assembled_core.events.disclosures.dedupe,OK,True,from src.assembled_core.events.disclosures.dedupe import dedupe_events
8362,src.assembled_core.events.disclosures.emit,OK,True,from src.assembled_core.events.disclosures.emit import emit_json_artifact
8369,src.assembled_core.events.disclosures.evidence,OK,True,from src.assembled_core.events.disclosures.evidence import summarize_evidence
8381,src.assembled_core.events.disclosures.fetch_edgar,OK,True,from src.assembled_core.events.disclosures.fetch_edgar import fetch_edgar_form4
8388,src.assembled_core.events.disclosures.fetch_house_ptr,OK,True,from src.assembled_core.events.disclosures.fetch_house_ptr import fetch_house_ptr_filings
8395,src.assembled_core.events.disclosures.health,OK,True,from src.assembled_core.events.disclosures.health import compute_health
8406,src.assembled_core.events.disclosures.models,OK,True,"from src.assembled_core.events.disclosures.models import DisclosureEvent, DisclosuresHealth"
8413,src.assembled_core.events.disclosures.normalize,OK,True,from src.assembled_core.events.disclosures.normalize import normalize_raw_item
8420,src.assembled_core.events.disclosures.pipeline,OK,True,from src.assembled_core.events.disclosures.pipeline import run_disclosures_pipeline
8427,src.assembled_core.events.disclosures.sources,OK,True,"from src.assembled_core.events.disclosures.sources import DisclosureSource, load_sources_registry"
8434,src.assembled_core.events.disclosures.triggers,OK,True,from src.assembled_core.events.disclosures.triggers import score_disclosure_triggers
8441,src.assembled_core.events.news.baseline,OK,True,from src.assembled_core.events.news.baseline import compute_version_hash
8452,src.assembled_core.events.news.clustering,OK,True,from src.assembled_core.events.news.clustering import build_clusters
8463,src.assembled_core.events.news.dedupe,OK,True,from src.assembled_core.events.news.dedupe import dedupe_events as _news_dedupe_events
8474,src.assembled_core.events.news.dedupe_store,OK,True,from src.assembled_core.events.news.dedupe_store import DedupeStoreSQLite
8481,src.assembled_core.events.news.emit,OK,True,from src.assembled_core.events.news.emit import emit_json_artifact as _news_emit
8488,src.assembled_core.events.news.entities,OK,True,"from src.assembled_core.events.news.entities import extract_entities, extract_countries"
8499,src.assembled_core.events.news.evidence,OK,True,from src.assembled_core.events.news.evidence import summarize_cluster_evidence
8506,src.assembled_core.events.news.fetch_gdelt,OK,True,from src.assembled_core.events.news.fetch_gdelt import fetch_gdelt_events
8513,src.assembled_core.events.news.fetch_rss,OK,True,from src.assembled_core.events.news.fetch_rss import fetch_rss_feed
8520,src.assembled_core.events.news.health,OK,True,from src.assembled_core.events.news.health import compute_health as _news_compute_health
8531,src.assembled_core.events.news.models,OK,True,"from src.assembled_core.events.news.models import NewsEvent, NewsHealth"
8538,src.assembled_core.events.news.normalize,OK,True,from src.assembled_core.events.news.normalize import canonicalize_url
8549,src.assembled_core.events.news.pipeline,OK,True,from src.assembled_core.events.news.pipeline import run_news_pipeline
8556,src.assembled_core.events.news.sources,OK,True,"from src.assembled_core.events.news.sources import NewsSource, load_sources_registry as _load_news_sources"
8563,src.assembled_core.events.news.state,OK,True,from src.assembled_core.events.news.state import load_fetch_state
8570,src.assembled_core.execution.transaction_costs,OK,True,from src.assembled_core.execution.transaction_costs import CommissionModel
8582,src.assembled_core.intel.bayesian_confidence,OK,True,from src.assembled_core.intel.bayesian_confidence import bayesian_update
8593,src.assembled_core.intel.geo_trigger,OK,True,from src.assembled_core.intel.geo_trigger import aggregate_triggers
8604,src.assembled_core.intel.ic_loop,OK,True,from src.assembled_core.intel.ic_loop import ICTracker
8612,src.assembled_core.intel.models,OK,True,"from src.assembled_core.intel.models import TriggerType, CrisisMode"
8623,src.assembled_core.ml.calibration,ARCHIVED(archive\observability_graveyard_2026q2\ml\calibration.py),True,"from src.assembled_core.ml.calibration import CalibrationResult, IsotonicCalibrator"
8635,src.assembled_core.ml.conformal,ARCHIVED(archive\observability_graveyard_2026q2\ml\conformal.py),True,from src.assembled_core.ml.conformal import SplitConformalPredictor
8646,src.assembled_core.ml.regime_hmm,OK,True,from src.assembled_core.ml.regime_hmm import RegimeHMM
8657,src.assembled_core.ops.alerts,OK,True,from src.assembled_core.ops.alerts import compute_alerts
8668,src.assembled_core.ops.intel_sim,OK,True,from src.assembled_core.ops.intel_sim import apply_intel_sim
8675,src.assembled_core.ops.paper_runner,OK,True,from src.assembled_core.ops.paper_runner import run_paper_daily_one
8682,src.assembled_core.ops.reconcile,OK,True,from src.assembled_core.ops.reconcile import build_reconcile_report
8689,src.assembled_core.pipeline.backtest,OK,True,"from src.assembled_core.pipeline.backtest import compute_metrics, write_backtest_report"
8696,src.assembled_core.pipeline.backtest_legacy,ARCHIVED(archive\observability_graveyard_2026q2\pipeline\backtest_legacy.py),True,from src.assembled_core.pipeline.backtest_legacy import _legacy_simulate_equity
8703,src.assembled_core.pipeline.event_bus,ARCHIVED(archive\observability_graveyard_2026q2\pipeline\event_bus.py),True,"from src.assembled_core.pipeline.event_bus import EventBus, EventType"
8714,src.assembled_core.pipeline.graceful_degradation,ARCHIVED(archive\observability_graveyard_2026q2\pipeline\graceful_degradation.py),True,from src.assembled_core.pipeline.graceful_degradation import DegradationTracker
8725,src.assembled_core.pipeline.io,OK,True,"from src.assembled_core.pipeline.io import load_prices, load_orders"
8732,src.assembled_core.pipeline.orchestrator,OK,True,"from src.assembled_core.pipeline.orchestrator import run_eod_pipeline, run_backtest_step"
8739,src.assembled_core.pipeline.orders,OK,True,from src.assembled_core.pipeline.orders import signals_to_orders
8746,src.assembled_core.pipeline.pipeline_timing,MISSING,True,from src.assembled_core.pipeline.pipeline_timing import PipelineTimer
8759,src.assembled_core.pipeline.portfolio,OK,True,from src.assembled_core.pipeline.portfolio import simulate_with_costs
8766,src.assembled_core.pipeline.run_metadata,MISSING,True,from src.assembled_core.pipeline.run_metadata import collect_run_metadata
8777,src.assembled_core.pipeline.signals,OK,True,from src.assembled_core.pipeline.signals import compute_ema_signals
8784,src.assembled_core.portfolio.kelly_uncertainty,OK,True,from src.assembled_core.portfolio.kelly_uncertainty import compute_kelly_with_uncertainty
8795,src.assembled_core.portfolio.turnover_penalty,OK,True,from src.assembled_core.portfolio.turnover_penalty import TurnoverConstrainedSizer
8806,src.assembled_core.qa.backtest_engine_numba,OK,True,from src.assembled_core.qa.backtest_engine_numba import NUMBA_AVAILABLE
8816,src.assembled_core.qa.drift_detection,OK,True,from src.assembled_core.qa.drift_detection import compute_psi
8823,src.assembled_core.qa.experiment_tracking,OK,True,from src.assembled_core.qa.experiment_tracking import ExperimentTracker
8830,src.assembled_core.qa.health,OK,True,"from src.assembled_core.qa.health import QaCheckResult, aggregate_qa_status"
8841,src.assembled_core.qa.leakage_tests.altdata_leakage,OK,True,from src.assembled_core.qa.leakage_tests.altdata_leakage import assert_feature_zero_before_disclosure
8848,src.assembled_core.qa.signal_decay,OK,True,"from src.assembled_core.qa.signal_decay import SignalDecayProfile, compute_ic_series"
8855,src.assembled_core.qa.tca,OK,True,from src.assembled_core.qa.tca import build_tca_report
8862,src.assembled_core.qa.validation,OK,True,from src.assembled_core.qa.validation import ModelValidationResult
8873,src.assembled_core.qa.walk_forward,OK,True,from src.assembled_core.qa.walk_forward import WalkForwardConfig
8880,src.assembled_core.reports.metrics_export,OK,True,from src.assembled_core.reports.metrics_export import export_metrics_json
8887,src.assembled_core.risk.group_exposures,OK,True,"from src.assembled_core.risk.group_exposures import GroupExposureSummary, compute_group_exposures"
8901,src.assembled_core.risk.risk_metrics,OK,True,from src.assembled_core.risk.risk_metrics import compute_basic_risk_metrics
8908,src.assembled_core.risk.tail_hedge,ARCHIVED(archive\observability_graveyard_2026q2\risk\tail_hedge.py),True,"from src.assembled_core.risk.tail_hedge import CollarConfig, TailHedgeResult"
8919,src.assembled_core.signals.ensemble,OK,True,"from src.assembled_core.signals.ensemble import apply_meta_filter, apply_meta_scaling"
8926,src.assembled_core.strategies.base,OK,True,"from src.assembled_core.strategies.base import StrategyRegistry, StrategySignal"
8937,src.assembled_core.strategies.stat_arb.cointegration,ARCHIVED(archive\observability_graveyard_2026q2\strategies\stat_arb\cointegration.py),True,"from src.assembled_core.strategies.stat_arb.cointegration import PairCandidate, screen_pairs"
8944,src.assembled_core.strategies.stat_arb.pair_signals,ARCHIVED(archive\observability_graveyard_2026q2\strategies\stat_arb\pair_signals.py),True,from src.assembled_core.strategies.stat_arb.pair_signals import PairSignalGenerator
8955,src.assembled_core.strategies.stat_arb.pca_arb,ARCHIVED(archive\observability_graveyard_2026q2\strategies\stat_arb\pca_arb.py),True,"from src.assembled_core.strategies.stat_arb.pca_arb import PCAFactorModel, compute_pca_factors"
8962,src.assembled_core.utils.dataframe,OK,True,"from src.assembled_core.utils.dataframe import ensure_cols, coerce_price_types"
8969,src.assembled_core.utils.paths,OK,True,from src.assembled_core.utils.paths import get_default_price_path
8980,src.assembled_core.utils.random_state,OK,True,"from src.assembled_core.utils.random_state import set_global_seed, seed_context"
8987,src.assembled_core.utils.timing,OK,True,from src.assembled_core.utils.timing import timed_step
8994,src.assembled_core.api.app,OK,True,from src.assembled_core.api.app import create_app
9001,src.assembled_core.api.models,OK,True,"from src.assembled_core.api.models import SignalType, Signal"
9011,src.assembled_core.config,OK,True,"from src.assembled_core.config import OUTPUT_DIR, SUPPORTED_FREQS"
9021,src.assembled_core.logging_config,OK,True,"from src.assembled_core.logging_config import configure_json_logging, JSONFormatter"
9028,src.assembled_core.config.secrets_loader,MISSING,True,"from src.assembled_core.config.secrets_loader import get_secret, is_secret_set"
9035,src.assembled_core.costs,OK,True,"from src.assembled_core.costs import CostModel, get_default_cost_model"
9046,src.assembled_core.errors,OK,True,"from src.assembled_core.errors import AssembledError, KillSwitchActive, PITViolation"
9056,src.assembled_core.ema_config,OK,True,"from src.assembled_core.ema_config import EmaConfig, get_default_ema_config"
9068,src.assembled_core.logging_utils,OK,True,from src.assembled_core.logging_utils import get_logger
9075,src.assembled_core.api.routers.monitoring,OK,True,from src.assembled_core.api.routers.monitoring import router as _mon_router
9082,src.assembled_core.api.routers.oms,OK,True,from src.assembled_core.api.routers.oms import router as _oms_router
9089,src.assembled_core.api.routers.orders,OK,True,from src.assembled_core.api.routers.orders import router as _ord_router
9096,src.assembled_core.api.routers.paper_trading,OK,True,from src.assembled_core.api.routers.paper_trading import router as _pt_router
9097,src.assembled_core.api.routers.performance,OK,True,from src.assembled_core.api.routers.performance import router as _perf_router
9098,src.assembled_core.api.routers.portfolio,OK,True,from src.assembled_core.api.routers.portfolio import router as _pf_router
9099,src.assembled_core.api.routers.qa,OK,True,from src.assembled_core.api.routers.qa import router as _qa_router
9100,src.assembled_core.api.routers.risk,OK,True,from src.assembled_core.api.routers.risk import router as _risk_router
9101,src.assembled_core.api.routers.signals,OK,True,from src.assembled_core.api.routers.signals import router as _sigs_router
9108,src.assembled_core.experiments.batch_config,OK,True,"from src.assembled_core.experiments.batch_config import BatchConfig, load_batch_config"
9115,src.assembled_core.experiments.batch_runner,ARCHIVED(archive\observability_graveyard_2026q2\experiments\batch_runner.py),True,"from src.assembled_core.experiments.batch_runner import BatchResult, expand_run_specs"
9122,src.assembled_core.features.registry,ARCHIVED(archive\observability_graveyard_2026q2\features\registry.py),True,"from src.assembled_core.features.registry import FEATURE_REGISTRY, list_all_feature_names"
9132,src.assembled_core.logging_config,OK,True,"from src.assembled_core.logging_config import setup_logging, generate_run_id"
