{
  "version": 1,
  "disable_existing_loggers": false,
  "formatters": {
    "json": {
      "format": "%(asctime)s %(levelname)s %(name)s %(message)s",
      "class": "pythonjsonlogger.jsonlogger.JsonFormatter"
    }
  },
  "handlers": {
    "app_file": {
      "class": "logging.handlers.TimedRotatingFileHandler",
      "filename": "logs/app.log",
      "when": "midnight",
      "backupCount": 7,
      "formatter": "json",
      "encoding": "utf-8"
    },
    "err_file": {
      "class": "logging.handlers.TimedRotatingFileHandler",
      "filename": "logs/app.err.log",
      "when": "midnight",
      "backupCount": 7,
      "formatter": "json",
      "level": "WARNING",
      "encoding": "utf-8"
    },
    "console": {
      "class": "logging.StreamHandler",
      "level": "INFO"
    }
  },
  "root": {
    "level": "INFO",
    "handlers": [
      "app_file",
      "err_file",
      "console"
    ]
  }
}