ticker,name,exchange_hint,currency_hint
DRO.AX,DroneShield Ltd,ASX,AUD
SRT3.DE,Sartorius Vz,FWB,EUR
R3V.DE,RENK Group,FWB,EUR
RHM.DE,Rheinmetall,FWB,EUR
HAG.DE,Hensoldt,FWB,EUR
META,Meta Platforms Inc (A),NASDAQ,USD
U,Unity Software Inc,NYSE,USD
DELL,Dell Technologies Inc,NYSE,USD
PLTR,Palantir Technologies Inc,NYSE,USD
BA,Boeing Co,NYSE,USD
ORCL,Oracle Corp,NYSE,USD
MU,Micron Technology Inc,NASDAQ,USD
GOOGL,Alphabet Inc (A),NASDAQ,USD
RR.L,Rolls-Royce Holdings PLC,LSE,GBP
QCOM,Qualcomm Inc,NASDAQ,USD
BA.L,BAE Systems PLC,LSE,GBP
VOW3.DE,Volkswagen Vz,FWB,EUR
ASML.AS,ASML Holding NV,AMS,EUR
AVGO,Broadcom Inc,NASDAQ,USD
TSM,Taiwan Semiconductor (ADR),NYSE,USD
BAVA.CO,Bavarian Nordic A/S,CPH,DKK
VRNA,Verona Pharma PLC (ADR),NASDAQ,USD
PAH3.DE,Porsche SE Holding,FWB,EUR
ACN,Accenture PLC,NYSE,USD
INTC,Intel Corp,NASDAQ,USD
TSLA,Tesla Inc,NASDAQ,USD
AMD,Advanced Micro Devices Inc,NASDAQ,USD
DBX,Dropbox Inc (A),NASDAQ,USD
XOM,Exxon Mobil Corp,NYSE,USD
NVDA,NVIDIA Corp,NASDAQ,USD
SPGI,S&P Global Inc,NYSE,USD
SMHN.DE,SÜSS MicroTec,FWB,EUR
LMT,Lockheed Martin,NYSE,USD
NOC,Northrop Grumman,NYSE,USD
ADBE,Adobe Inc,NASDAQ,USD
AXON,Axon Enterprise Inc,NASDAQ,USD
PLUG,Plug Power Inc,NASDAQ,USD
QBTS,D-Wave Quantum Inc,NYSE,USD
MSTR,MicroStrategy Inc (A),NASDAQ,USD
EUZ.DE,Eckert & Ziegler,FWB,EUR
ALB,Albemarle Corp,NYSE,USD
XPEV,XPeng Inc,NYSE,USD
UAA,Under Armour (A),NYSE,USD
IOS.DE,IONOS Group,FWB,EUR
SHOP,Shopify Inc,NYSE,USD
ETSY,Etsy Inc,NASDAQ,USD
JD,JD.com (ADR),NASDAQ,USD
AAPL,Apple Inc,NASDAQ,USD
MSFT,Microsoft Corp,NASDAQ,USD
RBLX,Roblox Corp,NASDAQ,USD
SNOW,Snowflake Inc,NASDAQ,USD
COIN,Coinbase Global Inc,NASDAQ,USD
CRWD,CrowdStrike Holdings Inc,NASDAQ,USD
PANW,Palo Alto Networks Inc,NASDAQ,USD
NET,Cloudflare Inc,NASDAQ,USD
TWLO,Twilio Inc,NYSE,USD
DDOG,Datadog Inc,NASDAQ,USD
TEAM,Atlassian Corp,NASDAQ,USD
MDB,MongoDB Inc,NASDAQ,USD
ZS,Zscaler Inc,NASDAQ,USD
OKTA,Okta Inc,NASDAQ,USD
NEE,NextEra Energy Inc,NYSE,USD
ENPH,Enphase Energy Inc,NASDAQ,USD
SEDG,SolarEdge Technologies Inc,NASDAQ,USD
