source_id,url,status,n_items,robots_erlaubt
bbc_world,https://feeds.bbci.co.uk/news/world/rss.xml,ok,27,ja
nyt_world,https://rss.nytimes.com/services/xml/rss/nyt/World.xml,ok,56,?
aljazeera_all,https://www.aljazeera.com/xml/rss/all.xml,ok,25,ja
guardian_world,https://www.theguardian.com/world/rss,ok,45,ja
dw_world,https://rss.dw.com/rdf/rss-en-world,ok,11,ja
tagesschau,https://www.tagesschau.de/index~rss2.xml,ok,64,ja
anadolu,https://www.aa.com.tr/en/rss/default?cat=guncel,ok,30,ja
faz_finanzen,https://www.faz.net/rss/aktuell/finanzen/,ok,29,ja
cnbc_world,https://search.cnbc.com/rs/search/combinedcms/view.xml?partnerId=wrss01&id=100727362,ok_robots_verboten,30,NEIN
marketwatch,https://feeds.content.dowjones.io/public/rss/mw_topstories,ok,10,?
wsj_markets_cdn,https://feeds.content.dowjones.io/public/rss/RSSMarketsMain,ok,61,?
handelsblatt_top,https://www.handelsblatt.com/contentexport/feed/schlagzeilen,ok,50,ja
ntv_wirtschaft,https://www.n-tv.de/wirtschaft/rss,ok,30,ja
wallstreet_online,https://www.wallstreet-online.de/rss/nachrichten-alle.xml,ok,101,ja
ezb_presse,https://www.ecb.europa.eu/rss/press.html,ok,15,ja
fed_presse,https://www.federalreserve.gov/feeds/press_all.xml,ok,20,?
reddit_geopolitics,https://www.reddit.com/r/geopolitics/new/.rss,ok_robots_verboten,25,NEIN
reddit_worldnews,https://www.reddit.com/r/worldnews/new/.rss,bot_block,0,?
gnews_reuters,https://news.google.com/rss/search?q=site:reuters.com%20geopolitics&hl=en,ok_robots_verboten,100,NEIN
investing_com,https://www.investing.com/rss/news.rss,ok,10,ja
yahoo_finance,https://finance.yahoo.com/news/rssindex,ok,49,ja
wsj_markets_dj,https://feeds.a.dj.com/rss/RSSMarketsMain.xml,ok,20,?
handelsblatt_fin,https://www.handelsblatt.com/contentexport/feed/finanzen,ok,20,ja
un_news_me,https://news.un.org/feed/subscribe/en/news/region/middle-east/feed/rss.xml,ok,30,ja
unhcr,https://www.unhcr.org/rss.xml,bot_block,0,?
mfa_israel,https://mfa.gov.il/MFA/PressRoom/rss.xml,tot,0,?
crisisgroup,https://www.crisisgroup.org/rss/91,ok,10,ja
csis_me,https://www.csis.org/regions/middle-east/rss.xml,tot,0,?
mei,https://www.mei.edu/rss.xml,leer,0,ja
washinginst,https://www.washingtoninstitute.org/feed,tot,0,?
brookings_mena,https://www.brookings.edu/topic/middle-east-north-africa/feed/,leer,0,ja
bellingcat,https://www.bellingcat.com/feed/,ok,10,ja
osintcurious,https://osintcurio.us/feed/,tot,0,?
bbc_me,https://feeds.bbci.co.uk/news/world/middle_east/rss.xml,ok,35,ja
france24_me,https://www.france24.com/en/middle-east/rss,ok,29,ja
cnn_me,http://rss.cnn.com/rss/edition_meast.rss,ok,30,?
ap_hub,https://apnews.com/hub/israel-hamas-war/feed,tot,0,?
guardian_israel,https://www.theguardian.com/world/israel/rss,ok,20,ja
foreignpolicy,https://foreignpolicy.com/feed/,ok,25,ja
nyt_me,https://rss.nytimes.com/services/xml/rss/nyt/MiddleEast.xml,ok,23,?
timesofisrael,https://www.timesofisrael.com/feed/,ok_robots_verboten,13,NEIN
jpost,https://rss.jpost.com/rss/rssfeedsfrontpage.aspx,ok,26,?
ynetnews,https://www.ynetnews.com/RSS/5.xml,tot,0,?
middleeasteye,https://www.middleeasteye.net/rss,ok,20,ja
al_monitor,https://www.al-monitor.com/rss,ok,20,ja
isw,https://www.understandingwar.org/feeds,tot,0,?
ecfr,https://www.ecfr.eu/feed/,ok,25,ja
chathamhouse,https://www.chathamhouse.org/rss/all,bot_block,0,?
sipri,https://www.sipri.org/rss.xml,tot,0,?
atlanticcouncil,https://www.atlanticcouncil.org/feed/,ok,100,ja
carnegie,https://carnegieendowment.org/rss/,leer,0,ja
finanzen_net,https://www.finanzen.net/rss/news,bot_block,0,?
faz_wirtschaft,https://www.faz.net/rss/aktuell/wirtschaft/,ok,52,ja
zeit_wirtschaft,https://newsfeed.zeit.de/wirtschaft/index,ok,15,ja
manager_magazin,https://www.manager-magazin.de/news/index.rss,ok,30,ja
spiegel_wirtschaft,https://www.spiegel.de/wirtschaft/index.rss,ok,20,ja
tagesschau_wirtschaft,https://www.tagesschau.de/wirtschaft/index~rss2.xml,ok,45,ja
deraktionaer,https://www.deraktionaer.de/rss/news.xml,tot,0,?
finanznachrichten,https://www.finanznachrichten.de/rss-aktien-nachrichten/alle.htm,tot,0,?
seekingalpha,https://seekingalpha.com/market_currents.xml,ok,7,ja
fortune,https://fortune.com/feed,ok,10,ja
ft,https://www.ft.com/?format=rss,ok,6,ja
wsj_usbusiness,https://feeds.a.dj.com/rss/WSJcomUSBusiness.xml,ok,20,?
politico_playbook,https://rss.politico.com/playbook.xml,ok,30,?
bundesbank,https://www.bundesbank.de/service/rss,tot,0,?
bis_press,https://www.bis.org/list/press_rlsscbs/rss.xml,tot,0,?
